"","key","value","year"
"1","year",1950,1950
"2","year",1951,1951
"3","year",1952,1952
"4","year",1953,1953
"5","year",1954,1954
"6","year",1955,1955
"7","year",1956,1956
"8","year",1957,1957
"9","year",1958,1958
"10","year",1959,1959
"11","year",1960,1960
"12","year",1961,1961
"13","year",1962,1962
"14","year",1963,1963
"15","year",1964,1964
"16","year",1965,1965
"17","year",1966,1966
"18","year",1967,1967
"19","year",1968,1968
"20","year",1969,1969
"21","year",1970,1970
"22","year",1971,1971
"23","year",1972,1972
"24","year",1973,1973
"25","year",1974,1974
"26","year",1975,1975
"27","year",1976,1976
"28","year",1977,1977
"29","year",1978,1978
"30","year",1979,1979
"31","year",1980,1980
"32","year",1981,1981
"33","year",1982,1982
"34","year",1983,1983
"35","year",1984,1984
"36","year",1985,1985
"37","year",1986,1986
"38","year",1987,1987
"39","year",1988,1988
"40","year",1989,1989
"41","year",1990,1990
"42","year",1991,1991
"43","year",1992,1992
"44","year",1993,1993
"45","year",1994,1994
"46","year",1995,1995
"47","year",1996,1996
"48","year",1997,1997
"49","year",1998,1998
"50","year",1999,1999
"51","year",2000,2000
"52","year",2001,2001
"53","year",2002,2002
"54","year",2003,2003
"55","year",2004,2004
"56","year",2005,2005
"57","year",2006,2006
"58","year",2007,2007
"59","year",2008,2008
"60","year",2009,2009
"61","year",2010,2010
"62","year",2011,2011
"63","year",2012,2012
"64","NDJ.AL",100894.353807388,1950
"65","NDJ.AL",100912.190297538,1951
"66","NDJ.AL",100828.113198273,1952
"67","NDJ.AL",99878.4833497173,1953
"68","NDJ.AL",100285.111523619,1954
"69","NDJ.AL",100354.988870795,1955
"70","NDJ.AL",101024.896846033,1956
"71","NDJ.AL",100958.060784991,1957
"72","NDJ.AL",99960.7857872806,1958
"73","NDJ.AL",100509.948030115,1959
"74","NDJ.AL",100143.327018526,1960
"75","NDJ.AL",99974.0256707474,1961
"76","NDJ.AL",100994.179398929,1962
"77","NDJ.AL",100270.27319463,1963
"78","NDJ.AL",99989.7708378845,1964
"79","NDJ.AL",100796.052425141,1965
"80","NDJ.AL",100802.653333446,1966
"81","NDJ.AL",100905.779815807,1967
"82","NDJ.AL",100634.683484474,1968
"83","NDJ.AL",100704.549780967,1969
"84","NDJ.AL",99761.7992949065,1970
"85","NDJ.AL",101035.034252458,1971
"86","NDJ.AL",101132.060367012,1972
"87","NDJ.AL",100585.237103899,1973
"88","NDJ.AL",100725.261625259,1974
"89","NDJ.AL",100269.593949231,1975
"90","NDJ.AL",100392.409060424,1976
"91","NDJ.AL",99587.3084473177,1977
"92","NDJ.AL",100178.963945317,1978
"93","NDJ.AL",100633.770462046,1979
"94","NDJ.AL",100275.485602586,1980
"95","NDJ.AL",99765.3158859524,1981
"96","NDJ.AL",100765.668217985,1982
"97","NDJ.AL",99768.2719083976,1983
"98","NDJ.AL",100239.972537829,1984
"99","NDJ.AL",100340.948684416,1985
"100","NDJ.AL",100205.297044923,1986
"101","NDJ.AL",99816.3359402436,1987
"102","NDJ.AL",100094.184993936,1988
"103","NDJ.AL",100696.543424593,1989
"104","NDJ.AL",100465.55935219,1990
"105","NDJ.AL",100864.652850161,1991
"106","NDJ.AL",99921.9172336252,1992
"107","NDJ.AL",100591.589636808,1993
"108","NDJ.AL",100481.910779879,1994
"109","NDJ.AL",100391.712018468,1995
"110","NDJ.AL",100388.329539363,1996
"111","NDJ.AL",100439.357901046,1997
"112","NDJ.AL",99837.2380180312,1998
"113","NDJ.AL",100414.16536533,1999
"114","NDJ.AL",100378.832860333,2000
"115","NDJ.AL",99901.4315163044,2001
"116","NDJ.AL",100140.436639552,2002
"117","NDJ.AL",99568.8514087044,2003
"118","NDJ.AL",100466.653017098,2004
"119","NDJ.AL",100392.961262708,2005
"120","NDJ.AL",100435.902786814,2006
"121","NDJ.AL",100506.922958476,2007
"122","NDJ.AL",100394.76661202,2008
"123","NDJ.AL",100878.31980431,2009
"124","NDJ.AL",99882.351494295,2010
"125","NDJ.AL",100924.767292835,2011
"126","NDJ.AL",100557.263580582,2012
"127","NDJ.NPI",101219.786536239,1950
"128","NDJ.NPI",101196.876356156,1951
"129","NDJ.NPI",101220.957845316,1952
"130","NDJ.NPI",100592.743468697,1953
"131","NDJ.NPI",100889.006624182,1954
"132","NDJ.NPI",100868.326750693,1955
"133","NDJ.NPI",101248.670352849,1956
"134","NDJ.NPI",101180.256367585,1957
"135","NDJ.NPI",100782.82651035,1958
"136","NDJ.NPI",100900.610209965,1959
"137","NDJ.NPI",100874.073802437,1960
"138","NDJ.NPI",100627.597434368,1961
"139","NDJ.NPI",101162.92137826,1962
"140","NDJ.NPI",100683.307538769,1963
"141","NDJ.NPI",100732.46360293,1964
"142","NDJ.NPI",101032.595022787,1965
"143","NDJ.NPI",101074.415458534,1966
"144","NDJ.NPI",101057.276442179,1967
"145","NDJ.NPI",101148.431559297,1968
"146","NDJ.NPI",101135.944826031,1969
"147","NDJ.NPI",100664.941123881,1970
"148","NDJ.NPI",101371.258034032,1971
"149","NDJ.NPI",101347.603490301,1972
"150","NDJ.NPI",101024.198314399,1973
"151","NDJ.NPI",100960.574750431,1974
"152","NDJ.NPI",100957.300475182,1975
"153","NDJ.NPI",100814.265592351,1976
"154","NDJ.NPI",100418.467205293,1977
"155","NDJ.NPI",100818.734134847,1978
"156","NDJ.NPI",101040.795489072,1979
"157","NDJ.NPI",100995.960377853,1980
"158","NDJ.NPI",100397.434911054,1981
"159","NDJ.NPI",100921.593919287,1982
"160","NDJ.NPI",100583.39128181,1983
"161","NDJ.NPI",100693.000589277,1984
"162","NDJ.NPI",100658.356217263,1985
"163","NDJ.NPI",100595.320357239,1986
"164","NDJ.NPI",100592.01454031,1987
"165","NDJ.NPI",100874.440315999,1988
"166","NDJ.NPI",101054.531721138,1989
"167","NDJ.NPI",100904.907717756,1990
"168","NDJ.NPI",101355.319196582,1991
"169","NDJ.NPI",100533.137342829,1992
"170","NDJ.NPI",101130.39946009,1993
"171","NDJ.NPI",100991.130376417,1994
"172","NDJ.NPI",100853.908824588,1995
"173","NDJ.NPI",100719.857457331,1996
"174","NDJ.NPI",100855.62199553,1997
"175","NDJ.NPI",100673.511599257,1998
"176","NDJ.NPI",100983.803243899,1999
"177","NDJ.NPI",101226.804133952,2000
"178","NDJ.NPI",100469.058323173,2001
"179","NDJ.NPI",100752.199443305,2002
"180","NDJ.NPI",100294.910220727,2003
"181","NDJ.NPI",100958.560382436,2004
"182","NDJ.NPI",100865.636036848,2005
"183","NDJ.NPI",100821.626786863,2006
"184","NDJ.NPI",101012.287416899,2007
"185","NDJ.NPI",100942.228868756,2008
"186","NDJ.NPI",101215.345482997,2009
"187","NDJ.NPI",100638.588896217,2010
"188","NDJ.NPI",101127.26185188,2011
"189","NDJ.NPI",101141.168727326,2012
"190","FMA.PDO",-1.74666666666667,1950
"191","FMA.PDO",-1.10666666666667,1951
"192","FMA.PDO",-0.713333333333333,1952
"193","FMA.PDO",-0.38,1953
"194","FMA.PDO",-1.15333333333333,1954
"195","FMA.PDO",-1.58333333333333,1955
"196","FMA.PDO",-2.49,1956
"197","FMA.PDO",-0.41,1957
"198","FMA.PDO",0.643333333333333,1958
"199","FMA.PDO",-0.466666666666667,1959
"200","FMA.PDO",0.133333333333333,1960
"201","FMA.PDO",0.286666666666667,1961
"202","FMA.PDO",-1.12333333333333,1962
"203","FMA.PDO",-0.37,1963
"204","FMA.PDO",-0.703333333333333,1964
"205","FMA.PDO",-0.166666666666667,1965
"206","FMA.PDO",-0.42,1966
"207","FMA.PDO",-0.756666666666667,1967
"208","FMA.PDO",-0.58,1968
"209","FMA.PDO",-0.63,1969
"210","FMA.PDO",0.73,1970
"211","FMA.PDO",-1.67,1971
"212","FMA.PDO",-1.85666666666667,1972
"213","FMA.PDO",-0.6,1973
"214","FMA.PDO",-1.02333333333333,1974
"215","FMA.PDO",-0.84,1975
"216","FMA.PDO",-1.23333333333333,1976
"217","FMA.PDO",0.71,1977
"218","FMA.PDO",1.36,1978
"219","FMA.PDO",-0.0466666666666667,1979
"220","FMA.PDO",1.3,1980
"221","FMA.PDO",1.3,1981
"222","FMA.PDO",0.0666666666666667,1982
"223","FMA.PDO",1.70666666666667,1983
"224","FMA.PDO",1.5,1984
"225","FMA.PDO",0.566666666666667,1985
"226","FMA.PDO",1.78,1986
"227","FMA.PDO",2.00333333333333,1987
"228","FMA.PDO",1.2,1988
"229","FMA.PDO",-0.723333333333333,1989
"230","FMA.PDO",-0.333333333333333,1990
"231","FMA.PDO",-0.98,1991
"232","FMA.PDO",0.576666666666667,1992
"233","FMA.PDO",0.72,1993
"234","FMA.PDO",0.813333333333333,1994
"235","FMA.PDO",0.68,1995
"236","FMA.PDO",1.07333333333333,1996
"237","FMA.PDO",0.66,1997
"238","FMA.PDO",1.61333333333333,1998
"239","FMA.PDO",-0.466666666666667,1999
"240","FMA.PDO",-0.0633333333333333,2000
"241","FMA.PDO",0.143333333333333,2001
"242","FMA.PDO",-0.463333333333333,2002
"243","FMA.PDO",1.48,2003
"244","FMA.PDO",0.553333333333333,2004
"245","FMA.PDO",1.06666666666667,2005
"246","FMA.PDO",0.37,2006
"247","FMA.PDO",-0.0533333333333333,2007
"248","FMA.PDO",-1,2008
"249","FMA.PDO",-1.59666666666667,2009
"250","FMA.PDO",0.68,2010
"251","FMA.PDO",-0.646666666666667,2011
"252","FMA.PDO",-0.723333333333333,2012
"253","FMA.NPGO",-1.09333333333333,1950
"254","FMA.NPGO",-0.513333333333333,1951
"255","FMA.NPGO",-0.73,1952
"256","FMA.NPGO",1.07333333333333,1953
"257","FMA.NPGO",0.29,1954
"258","FMA.NPGO",-0.143333333333333,1955
"259","FMA.NPGO",-0.0533333333333333,1956
"260","FMA.NPGO",-1.52,1957
"261","FMA.NPGO",-0.573333333333333,1958
"262","FMA.NPGO",-0.476666666666667,1959
"263","FMA.NPGO",0.823333333333333,1960
"264","FMA.NPGO",1.35666666666667,1961
"265","FMA.NPGO",-0.41,1962
"266","FMA.NPGO",-0.73,1963
"267","FMA.NPGO",0.296666666666667,1964
"268","FMA.NPGO",-0.886666666666667,1965
"269","FMA.NPGO",-1.02666666666667,1966
"270","FMA.NPGO",-0.873333333333333,1967
"271","FMA.NPGO",-0.806666666666667,1968
"272","FMA.NPGO",-0.55,1969
"273","FMA.NPGO",-0.316666666666667,1970
"274","FMA.NPGO",0.453333333333333,1971
"275","FMA.NPGO",-0.593333333333333,1972
"276","FMA.NPGO",-0.206666666666667,1973
"277","FMA.NPGO",-0.136666666666667,1974
"278","FMA.NPGO",0.783333333333333,1975
"279","FMA.NPGO",1.76666666666667,1976
"280","FMA.NPGO",1.67666666666667,1977
"281","FMA.NPGO",0.77,1978
"282","FMA.NPGO",-0.63,1979
"283","FMA.NPGO",-0.98,1980
"284","FMA.NPGO",-0.793333333333333,1981
"285","FMA.NPGO",-0.853333333333333,1982
"286","FMA.NPGO",0.06,1983
"287","FMA.NPGO",0.76,1984
"288","FMA.NPGO",0.163333333333333,1985
"289","FMA.NPGO",-0.963333333333333,1986
"290","FMA.NPGO",0.51,1987
"291","FMA.NPGO",1.11333333333333,1988
"292","FMA.NPGO",0.79,1989
"293","FMA.NPGO",0.203333333333333,1990
"294","FMA.NPGO",-0.44,1991
"295","FMA.NPGO",-0.903333333333333,1992
"296","FMA.NPGO",-1.54666666666667,1993
"297","FMA.NPGO",-1.76333333333333,1994
"298","FMA.NPGO",-1.81,1995
"299","FMA.NPGO",-0.88,1996
"300","FMA.NPGO",-0.746666666666667,1997
"301","FMA.NPGO",1.10333333333333,1998
"302","FMA.NPGO",1.97333333333333,1999
"303","FMA.NPGO",2.21333333333333,2000
"304","FMA.NPGO",2.51666666666667,2001
"305","FMA.NPGO",1.66,2002
"306","FMA.NPGO",1.19333333333333,2003
"307","FMA.NPGO",0.393333333333333,2004
"308","FMA.NPGO",-1.55666666666667,2005
"309","FMA.NPGO",-0.783333333333333,2006
"310","FMA.NPGO",-0.143333333333333,2007
"311","FMA.NPGO",1.30333333333333,2008
"312","FMA.NPGO",0.553333333333333,2009
"313","FMA.NPGO",1.55666666666667,2010
"314","FMA.NPGO",0.783333333333333,2011
"315","FMA.NPGO",1.30333333333333,2012
"316","NDJ.grad",3.49552408854167,1950
"317","NDJ.grad",3.28474934895833,1951
"318","NDJ.grad",1.90020751953125,1952
"319","NDJ.grad",12.5478515625,1953
"320","NDJ.grad",8.83638509114583,1954
"321","NDJ.grad",11.1546020507812,1955
"322","NDJ.grad",3.03120930989583,1956
"323","NDJ.grad",8.02370198567708,1957
"324","NDJ.grad",11.8528645833333,1958
"325","NDJ.grad",8.8426513671875,1959
"326","NDJ.grad",13.9070231119792,1960
"327","NDJ.grad",12.3538411458333,1961
"328","NDJ.grad",7.62095133463542,1962
"329","NDJ.grad",8.25858561197917,1963
"330","NDJ.grad",10.3017171223958,1964
"331","NDJ.grad",5.08406575520833,1965
"332","NDJ.grad",4.0008544921875,1966
"333","NDJ.grad",2.72690836588542,1967
"334","NDJ.grad",3.94720458984375,1968
"335","NDJ.grad",5.20218912760417,1969
"336","NDJ.grad",11.7917277018229,1970
"337","NDJ.grad",2.62361653645833,1971
"338","NDJ.grad",4.09840901692708,1972
"339","NDJ.grad",5.49399820963542,1973
"340","NDJ.grad",2.50142415364583,1974
"341","NDJ.grad",10.4314982096354,1975
"342","NDJ.grad",9.12884521484375,1976
"343","NDJ.grad",17.3314005533854,1977
"344","NDJ.grad",5.10394287109375,1978
"345","NDJ.grad",9.61104329427083,1979
"346","NDJ.grad",8.48246256510417,1980
"347","NDJ.grad",11.252685546875,1981
"348","NDJ.grad",7.36897786458333,1982
"349","NDJ.grad",10.6769002278646,1983
"350","NDJ.grad",7.85693359375,1984
"351","NDJ.grad",10.2679443359375,1985
"352","NDJ.grad",11.3965250651042,1986
"353","NDJ.grad",13.8614908854167,1987
"354","NDJ.grad",10.5709635416667,1988
"355","NDJ.grad",10.0511271158854,1989
"356","NDJ.grad",10.31689453125,1990
"357","NDJ.grad",3.83951822916667,1991
"358","NDJ.grad",13.4372151692708,1992
"359","NDJ.grad",7.97591145833333,1993
"360","NDJ.grad",11.1377766927083,1994
"361","NDJ.grad",7.57958984375,1995
"362","NDJ.grad",3.36930338541667,1996
"363","NDJ.grad",5.55128987630208,1997
"364","NDJ.grad",11.3330485026042,1998
"365","NDJ.grad",6.74287923177083,1999
"366","NDJ.grad",11.9504597981771,2000
"367","NDJ.grad",13.7721761067708,2001
"368","NDJ.grad",9.8465576171875,2002
"369","NDJ.grad",10.6360066731771,2003
"370","NDJ.grad",6.89272054036458,2004
"371","NDJ.grad",9.56172688802083,2005
"372","NDJ.grad",10.7076619466146,2006
"373","NDJ.grad",9.50608317057292,2007
"374","NDJ.grad",9.23531087239583,2008
"375","NDJ.grad",8.33624267578125,2009
"376","NDJ.grad",9.76727294921875,2010
"377","NDJ.grad",6.70094807942708,2011
"378","NDJ.grad",10.6034342447917,2012
"379","FMA.FW",NA,1950
"380","FMA.FW",NA,1951
"381","FMA.FW",NA,1952
"382","FMA.FW",NA,1953
"383","FMA.FW",NA,1954
"384","FMA.FW",NA,1955
"385","FMA.FW",NA,1956
"386","FMA.FW",NA,1957
"387","FMA.FW",NA,1958
"388","FMA.FW",NA,1959
"389","FMA.FW",NA,1960
"390","FMA.FW",NA,1961
"391","FMA.FW",-0.533046650031724,1962
"392","FMA.FW",-0.00826974588833338,1963
"393","FMA.FW",0.207790829862448,1964
"394","FMA.FW",-0.340034632258433,1965
"395","FMA.FW",-0.485489585867619,1966
"396","FMA.FW",-0.839996137109925,1967
"397","FMA.FW",-0.22712814588608,1968
"398","FMA.FW",-1.44752276471695,1969
"399","FMA.FW",0.711393309244983,1970
"400","FMA.FW",-1.03844514320623,1971
"401","FMA.FW",-1.51887364324844,1972
"402","FMA.FW",-0.466097086381111,1973
"403","FMA.FW",-1.2275730121607,1974
"404","FMA.FW",-0.308541326231259,1975
"405","FMA.FW",-0.549546755181102,1976
"406","FMA.FW",1.44689510307558,1977
"407","FMA.FW",-0.720682386585017,1978
"408","FMA.FW",-0.167448459052087,1979
"409","FMA.FW",1.10845867087624,1980
"410","FMA.FW",1.00278581079794,1981
"411","FMA.FW",-1.31386914006521,1982
"412","FMA.FW",-0.216177694824307,1983
"413","FMA.FW",0.259141134036295,1984
"414","FMA.FW",-0.213290016384291,1985
"415","FMA.FW",-0.312833982504345,1986
"416","FMA.FW",0.953098371441645,1987
"417","FMA.FW",1.37815958160629,1988
"418","FMA.FW",-0.845066208577423,1989
"419","FMA.FW",0.986798527076754,1990
"420","FMA.FW",0.2240940672199,1991
"421","FMA.FW",1.30077307167488,1992
"422","FMA.FW",0.953928454037945,1993
"423","FMA.FW",0.808309500181664,1994
"424","FMA.FW",-0.201402157037809,1995
"425","FMA.FW",-0.39384368338191,1996
"426","FMA.FW",0.0877348600496596,1997
"427","FMA.FW",0.226209358452152,1998
"428","FMA.FW",-0.248401485370967,1999
"429","FMA.FW",1.37794995821612,2000
"430","FMA.FW",0.454125238094116,2001
"431","FMA.FW",-0.99152933354763,2002
"432","FMA.FW",0.30038419660616,2003
"433","FMA.FW",0.914213091039034,2004
"434","FMA.FW",1.44753837385325,2005
"435","FMA.FW",-0.772766186992831,2006
"436","FMA.FW",-0.075589921461728,2007
"437","FMA.FW",-0.155587443821475,2008
"438","FMA.FW",-0.530728779668116,2009
"439","FMA.FW",NA,2010
"440","FMA.FW",NA,2011
"441","FMA.FW",NA,2012
"442","MJJ.FW",NA,1950
"443","MJJ.FW",NA,1951
"444","MJJ.FW",NA,1952
"445","MJJ.FW",NA,1953
"446","MJJ.FW",NA,1954
"447","MJJ.FW",NA,1955
"448","MJJ.FW",NA,1956
"449","MJJ.FW",NA,1957
"450","MJJ.FW",NA,1958
"451","MJJ.FW",NA,1959
"452","MJJ.FW",NA,1960
"453","MJJ.FW",NA,1961
"454","MJJ.FW",-0.533046650031724,1962
"455","MJJ.FW",-0.00826974588833338,1963
"456","MJJ.FW",0.207790829862448,1964
"457","MJJ.FW",-0.340034632258433,1965
"458","MJJ.FW",-0.485489585867619,1966
"459","MJJ.FW",-0.839996137109925,1967
"460","MJJ.FW",-0.22712814588608,1968
"461","MJJ.FW",-1.44752276471695,1969
"462","MJJ.FW",0.711393309244983,1970
"463","MJJ.FW",-1.03844514320623,1971
"464","MJJ.FW",-1.51887364324844,1972
"465","MJJ.FW",-0.466097086381111,1973
"466","MJJ.FW",-1.2275730121607,1974
"467","MJJ.FW",-0.308541326231259,1975
"468","MJJ.FW",-0.549546755181102,1976
"469","MJJ.FW",1.44689510307558,1977
"470","MJJ.FW",-0.720682386585017,1978
"471","MJJ.FW",-0.167448459052087,1979
"472","MJJ.FW",1.10845867087624,1980
"473","MJJ.FW",1.00278581079794,1981
"474","MJJ.FW",-1.31386914006521,1982
"475","MJJ.FW",-0.216177694824307,1983
"476","MJJ.FW",0.259141134036295,1984
"477","MJJ.FW",-0.213290016384291,1985
"478","MJJ.FW",-0.312833982504345,1986
"479","MJJ.FW",0.953098371441645,1987
"480","MJJ.FW",1.37815958160629,1988
"481","MJJ.FW",-0.845066208577423,1989
"482","MJJ.FW",0.986798527076754,1990
"483","MJJ.FW",0.2240940672199,1991
"484","MJJ.FW",1.30077307167488,1992
"485","MJJ.FW",0.953928454037945,1993
"486","MJJ.FW",0.808309500181664,1994
"487","MJJ.FW",-0.201402157037809,1995
"488","MJJ.FW",-0.39384368338191,1996
"489","MJJ.FW",0.0877348600496596,1997
"490","MJJ.FW",0.226209358452152,1998
"491","MJJ.FW",-0.248401485370967,1999
"492","MJJ.FW",1.37794995821612,2000
"493","MJJ.FW",0.454125238094116,2001
"494","MJJ.FW",-0.99152933354763,2002
"495","MJJ.FW",0.30038419660616,2003
"496","MJJ.FW",0.914213091039034,2004
"497","MJJ.FW",1.44753837385325,2005
"498","MJJ.FW",-0.772766186992831,2006
"499","MJJ.FW",-0.075589921461728,2007
"500","MJJ.FW",-0.155587443821475,2008
"501","MJJ.FW",-0.530728779668116,2009
"502","MJJ.FW",NA,2010
"503","MJJ.FW",NA,2011
"504","MJJ.FW",NA,2012
"505","FMA.sal",NA,1950
"506","FMA.sal",NA,1951
"507","FMA.sal",NA,1952
"508","FMA.sal",NA,1953
"509","FMA.sal",NA,1954
"510","FMA.sal",NA,1955
"511","FMA.sal",NA,1956
"512","FMA.sal",NA,1957
"513","FMA.sal",NA,1958
"514","FMA.sal",NA,1959
"515","FMA.sal",NA,1960
"516","FMA.sal",NA,1961
"517","FMA.sal",NA,1962
"518","FMA.sal",NA,1963
"519","FMA.sal",NA,1964
"520","FMA.sal",NA,1965
"521","FMA.sal",NA,1966
"522","FMA.sal",NA,1967
"523","FMA.sal",NA,1968
"524","FMA.sal",NA,1969
"525","FMA.sal",NA,1970
"526","FMA.sal",31.719,1971
"527","FMA.sal",31.995,1972
"528","FMA.sal",NA,1973
"529","FMA.sal",31.7596666666667,1974
"530","FMA.sal",31.4883333333333,1975
"531","FMA.sal",31.6535,1976
"532","FMA.sal",30.883,1977
"533","FMA.sal",31.4485,1978
"534","FMA.sal",31.5438,1979
"535","FMA.sal",NA,1980
"536","FMA.sal",NA,1981
"537","FMA.sal",31.678,1982
"538","FMA.sal",31.2561666666667,1983
"539","FMA.sal",NA,1984
"540","FMA.sal",31.161,1985
"541","FMA.sal",31.343,1986
"542","FMA.sal",31.0505,1987
"543","FMA.sal",31.0326666666667,1988
"544","FMA.sal",31.687,1989
"545","FMA.sal",31.479,1990
"546","FMA.sal",31.535,1991
"547","FMA.sal",31.1016666666667,1992
"548","FMA.sal",31.062,1993
"549","FMA.sal",31.331,1994
"550","FMA.sal",31.3025,1995
"551","FMA.sal",31.6095,1996
"552","FMA.sal",31.2326666666667,1997
"553","FMA.sal",31.051,1998
"554","FMA.sal",31.653,1999
"555","FMA.sal",31.0254285714286,2000
"556","FMA.sal",31.225,2001
"557","FMA.sal",31.4695,2002
"558","FMA.sal",30.8858888888889,2003
"559","FMA.sal",31.276,2004
"560","FMA.sal",30.9443333333333,2005
"561","FMA.sal",31.1213333333333,2006
"562","FMA.sal",31.578,2007
"563","FMA.sal",31.1005,2008
"564","FMA.sal",31.3776666666667,2009
"565","FMA.sal",31.2453333333333,2010
"566","FMA.sal",31.484,2011
"567","FMA.sal",31.3795,2012
"568","FMA.WS",0.109047897648112,1950
"569","FMA.WS",0.0709149530523929,1951
"570","FMA.WS",0.0829754165914001,1952
"571","FMA.WS",0.0836025453788651,1953
"572","FMA.WS",0.0544919216870956,1954
"573","FMA.WS",0.0638959226120546,1955
"574","FMA.WS",0.0608888922544272,1956
"575","FMA.WS",0.0561304728723179,1957
"576","FMA.WS",0.0885961507488082,1958
"577","FMA.WS",0.0768482686983973,1959
"578","FMA.WS",0.0817343950761278,1960
"579","FMA.WS",0.0817123505848302,1961
"580","FMA.WS",0.0543200912216214,1962
"581","FMA.WS",0.0845517956549585,1963
"582","FMA.WS",0.0800721001756599,1964
"583","FMA.WS",0.0705167299397553,1965
"584","FMA.WS",0.066795707752065,1966
"585","FMA.WS",0.0718420743536742,1967
"586","FMA.WS",0.0784320482464741,1968
"587","FMA.WS",0.0690053017998039,1969
"588","FMA.WS",0.0984820629820511,1970
"589","FMA.WS",0.0745508487251213,1971
"590","FMA.WS",0.0744729171003059,1972
"591","FMA.WS",0.0599872905113368,1973
"592","FMA.WS",0.0829783883074067,1974
"593","FMA.WS",0.0597254974501867,1975
"594","FMA.WS",0.0510909469064951,1976
"595","FMA.WS",0.104084074979493,1977
"596","FMA.WS",0.0922552177855724,1978
"597","FMA.WS",0.0779673681484812,1979
"598","FMA.WS",0.0950511578887229,1980
"599","FMA.WS",0.0810594196639074,1981
"600","FMA.WS",0.066536880506133,1982
"601","FMA.WS",0.106917415232747,1983
"602","FMA.WS",0.0896451781302045,1984
"603","FMA.WS",0.0811360684935672,1985
"604","FMA.WS",0.0927446421998381,1986
"605","FMA.WS",0.0734434607341096,1987
"606","FMA.WS",0.110765909683186,1988
"607","FMA.WS",0.072589133489115,1989
"608","FMA.WS",0.0652289869074891,1990
"609","FMA.WS",0.0748908067454476,1991
"610","FMA.WS",0.0734181206131666,1992
"611","FMA.WS",0.0825973973256479,1993
"612","FMA.WS",0.0627000711175339,1994
"613","FMA.WS",0.0855940963213193,1995
"614","FMA.WS",0.0646203505449604,1996
"615","FMA.WS",0.0960439781429989,1997
"616","FMA.WS",0.10694503623358,1998
"617","FMA.WS",0.0817792263084996,1999
"618","FMA.WS",0.0877747390163824,2000
"619","FMA.WS",0.0716956468774653,2001
"620","FMA.WS",0.0649725096593888,2002
"621","FMA.WS",0.0715611133600511,2003
"622","FMA.WS",0.0808626723751285,2004
"623","FMA.WS",0.0751529645658035,2005
"624","FMA.WS",0.072442146887523,2006
"625","FMA.WS",0.10901374673832,2007
"626","FMA.WS",0.0790349826048884,2008
"627","FMA.WS",0.0565183685748317,2009
"628","FMA.WS",0.102868945066268,2010
"629","FMA.WS",NA,2011
"630","FMA.WS",NA,2012
"631","FMA.x.WS",-0.0879995510355844,1950
"632","FMA.x.WS",-0.0375407824511199,1951
"633","FMA.x.WS",-0.0648895602046571,1952
"634","FMA.x.WS",-0.0699685722070804,1953
"635","FMA.x.WS",-0.0257502837579358,1954
"636","FMA.x.WS",-0.0117924333655573,1955
"637","FMA.x.WS",-0.0355778055101405,1956
"638","FMA.x.WS",-0.0375437092529379,1957
"639","FMA.x.WS",-0.0837407485240694,1958
"640","FMA.x.WS",-0.0246131091670044,1959
"641","FMA.x.WS",-0.0848176626256489,1960
"642","FMA.x.WS",-0.0496913477805443,1961
"643","FMA.x.WS",-0.0456561048296486,1962
"644","FMA.x.WS",-0.0364254053114752,1963
"645","FMA.x.WS",0.000703850130787892,1964
"646","FMA.x.WS",-0.0400354574884391,1965
"647","FMA.x.WS",-0.026228163412532,1966
"648","FMA.x.WS",-0.0152296892263085,1967
"649","FMA.x.WS",-0.0687570881830484,1968
"650","FMA.x.WS",-0.0667245377508417,1969
"651","FMA.x.WS",-0.0579107974019786,1970
"652","FMA.x.WS",-0.0504420391928122,1971
"653","FMA.x.WS",-0.0384724052158995,1972
"654","FMA.x.WS",-0.0461550199093382,1973
"655","FMA.x.WS",-0.0515586109506984,1974
"656","FMA.x.WS",-0.0473654933538011,1975
"657","FMA.x.WS",-0.0331849457602623,1976
"658","FMA.x.WS",-0.0588319185630581,1977
"659","FMA.x.WS",-0.091231715565871,1978
"660","FMA.x.WS",-0.0584853131516348,1979
"661","FMA.x.WS",-0.102882218943505,1980
"662","FMA.x.WS",-0.0678023161405858,1981
"663","FMA.x.WS",-0.0262259152454927,1982
"664","FMA.x.WS",-0.0943618859993264,1983
"665","FMA.x.WS",-0.058997676436089,1984
"666","FMA.x.WS",-0.0289671693187558,1985
"667","FMA.x.WS",-0.0692659529760701,1986
"668","FMA.x.WS",-0.0806366927849436,1987
"669","FMA.x.WS",-0.101668742922373,1988
"670","FMA.x.WS",-0.0378790503174651,1989
"671","FMA.x.WS",-0.0496974210738046,1990
"672","FMA.x.WS",-0.0512679457765223,1991
"673","FMA.x.WS",-0.0488447050502204,1992
"674","FMA.x.WS",-0.0895190366263528,1993
"675","FMA.x.WS",-0.0646112678168661,1994
"676","FMA.x.WS",-0.0812776936512713,1995
"677","FMA.x.WS",-0.0560185125014371,1996
"678","FMA.x.WS",-0.0955995688799612,1997
"679","FMA.x.WS",-0.10411176872726,1998
"680","FMA.x.WS",-0.0439722838557351,1999
"681","FMA.x.WS",-0.076198622037304,2000
"682","FMA.x.WS",-0.0541650768381492,2001
"683","FMA.x.WS",-0.0455324363095441,2002
"684","FMA.x.WS",-0.0642144429229176,2003
"685","FMA.x.WS",-0.0810243094552453,2004
"686","FMA.x.WS",-0.0651384761151943,2005
"687","FMA.x.WS",-0.0485467285338354,2006
"688","FMA.x.WS",-0.0768808901342838,2007
"689","FMA.x.WS",-0.0728275489238931,2008
"690","FMA.x.WS",-0.0243642762248535,2009
"691","FMA.x.WS",-0.0981610141344923,2010
"692","FMA.x.WS",NA,2011
"693","FMA.x.WS",NA,2012
"694","MJJ.x.WS",-0.029094030510998,1950
"695","MJJ.x.WS",-0.0187050544752077,1951
"696","MJJ.x.WS",-0.0169730907226946,1952
"697","MJJ.x.WS",-0.0186511236617462,1953
"698","MJJ.x.WS",-0.0233422740080276,1954
"699","MJJ.x.WS",-0.0315513951481224,1955
"700","MJJ.x.WS",-0.0234496075806852,1956
"701","MJJ.x.WS",-0.00912061136532054,1957
"702","MJJ.x.WS",-0.0142859272645592,1958
"703","MJJ.x.WS",-0.0109910309959785,1959
"704","MJJ.x.WS",-0.0212425358450794,1960
"705","MJJ.x.WS",-0.0267865849758108,1961
"706","MJJ.x.WS",-0.00490692970015884,1962
"707","MJJ.x.WS",-0.00696833168175659,1963
"708","MJJ.x.WS",-0.00306621171007744,1964
"709","MJJ.x.WS",-0.0217286389467774,1965
"710","MJJ.x.WS",-0.00895019056305792,1966
"711","MJJ.x.WS",-0.0082414612296136,1967
"712","MJJ.x.WS",-0.0159001716277186,1968
"713","MJJ.x.WS",-0.0221580363621264,1969
"714","MJJ.x.WS",-0.0254955393211629,1970
"715","MJJ.x.WS",-0.0334298618552737,1971
"716","MJJ.x.WS",-0.0210250694475446,1972
"717","MJJ.x.WS",-0.0380593659579166,1973
"718","MJJ.x.WS",-0.0169897466258225,1974
"719","MJJ.x.WS",-0.0369578296705614,1975
"720","MJJ.x.WS",-0.0268558116514202,1976
"721","MJJ.x.WS",-0.0179955846857781,1977
"722","MJJ.x.WS",-0.0249138082646093,1978
"723","MJJ.x.WS",-0.0230937017227831,1979
"724","MJJ.x.WS",-0.0259661111172622,1980
"725","MJJ.x.WS",-0.0133677641372663,1981
"726","MJJ.x.WS",-0.022938931435696,1982
"727","MJJ.x.WS",-0.0198362522651488,1983
"728","MJJ.x.WS",-0.0163723721554449,1984
"729","MJJ.x.WS",-0.0196773108286437,1985
"730","MJJ.x.WS",-0.0163425522561773,1986
"731","MJJ.x.WS",-0.043809916171044,1987
"732","MJJ.x.WS",-0.0250695958227962,1988
"733","MJJ.x.WS",-0.0141894526974242,1989
"734","MJJ.x.WS",-0.0105052488200546,1990
"735","MJJ.x.WS",-0.0328162432163696,1991
"736","MJJ.x.WS",-0.00668540570120991,1992
"737","MJJ.x.WS",-0.0171972635390731,1993
"738","MJJ.x.WS",-0.0321749195298055,1994
"739","MJJ.x.WS",-0.0260100224156413,1995
"740","MJJ.x.WS",-0.0111538273791654,1996
"741","MJJ.x.WS",-0.0107070124640813,1997
"742","MJJ.x.WS",-0.0188692176047718,1998
"743","MJJ.x.WS",-0.00946603289900458,1999
"744","MJJ.x.WS",-0.0122881318129996,2000
"745","MJJ.x.WS",-0.0202584713525836,2001
"746","MJJ.x.WS",-0.0138103028451933,2002
"747","MJJ.x.WS",-0.0178124890853753,2003
"748","MJJ.x.WS",-0.0219662482650106,2004
"749","MJJ.x.WS",-0.0176870764153048,2005
"750","MJJ.x.WS",-0.0296859631957018,2006
"751","MJJ.x.WS",-0.0405805008627959,2007
"752","MJJ.x.WS",-0.0351019195807664,2008
"753","MJJ.x.WS",-0.0162140636804294,2009
"754","MJJ.x.WS",-0.0232781826785826,2010
"755","MJJ.x.WS",NA,2011
"756","MJJ.x.WS",NA,2012
"757","FMA.y.WS",0.0352369361705011,1950
"758","FMA.y.WS",0.0333532913894117,1951
"759","FMA.y.WS",0.0861935244174674,1952
"760","FMA.y.WS",0.0854844008313699,1953
"761","FMA.y.WS",0.0417629011336868,1954
"762","FMA.y.WS",0.0385154777799412,1955
"763","FMA.y.WS",0.0437999581034226,1956
"764","FMA.y.WS",0.0253827833807665,1957
"765","FMA.y.WS",0.011271663669403,1958
"766","FMA.y.WS",0.0580663325366475,1959
"767","FMA.y.WS",0.064537727753338,1960
"768","FMA.y.WS",0.0639384164048048,1961
"769","FMA.y.WS",0.0318189480449797,1962
"770","FMA.y.WS",0.0253394793061051,1963
"771","FMA.y.WS",0.0729350301937504,1964
"772","FMA.y.WS",0.0430123562239007,1965
"773","FMA.y.WS",0.0488226161633739,1966
"774","FMA.y.WS",0.00790506562393771,1967
"775","FMA.y.WS",0.0752255637651413,1968
"776","FMA.y.WS",0.0690155337498355,1969
"777","FMA.y.WS",0.0938058772374427,1970
"778","FMA.y.WS",0.0747740494752415,1971
"779","FMA.y.WS",0.0282886908777232,1972
"780","FMA.y.WS",0.060190407647665,1973
"781","FMA.y.WS",0.0491965514990827,1974
"782","FMA.y.WS",0.0380047466424466,1975
"783","FMA.y.WS",0.0567672267056036,1976
"784","FMA.y.WS",0.106531508016848,1977
"785","FMA.y.WS",0.0576881494482256,1978
"786","FMA.y.WS",0.0125191540560586,1979
"787","FMA.y.WS",0.0810252382631276,1980
"788","FMA.y.WS",0.0468702111056448,1981
"789","FMA.y.WS",0.0162195497912981,1982
"790","FMA.y.WS",0.0528681316301555,1983
"791","FMA.y.WS",0.0942160292890751,1984
"792","FMA.y.WS",0.0597945540094197,1985
"793","FMA.y.WS",0.0579016858428076,1986
"794","FMA.y.WS",0.070920257531826,1987
"795","FMA.y.WS",0.0923821556864789,1988
"796","FMA.y.WS",-0.0146157534020825,1989
"797","FMA.y.WS",0.0432589060404738,1990
"798","FMA.y.WS",0.0623296708331004,1991
"799","FMA.y.WS",0.0617650636597352,1992
"800","FMA.y.WS",0.0669496679213437,1993
"801","FMA.y.WS",0.0374366014729512,1994
"802","FMA.y.WS",0.05258419577014,1995
"803","FMA.y.WS",0.0395032915513959,1996
"804","FMA.y.WS",0.0642637358906305,1997
"805","FMA.y.WS",0.0808551683775818,1998
"806","FMA.y.WS",0.05355575546781,1999
"807","FMA.y.WS",0.0780883313467105,2000
"808","FMA.y.WS",0.0533584892139819,2001
"809","FMA.y.WS",0.0252302900498257,2002
"810","FMA.y.WS",0.0309189862640509,2003
"811","FMA.y.WS",0.0767087000508413,2004
"812","FMA.y.WS",0.0665505855706417,2005
"813","FMA.y.WS",0.0449036814084644,2006
"814","FMA.y.WS",0.0520777521870952,2007
"815","FMA.y.WS",0.0776706321113226,2008
"816","FMA.y.WS",0.0324261417011729,2009
"817","FMA.y.WS",0.105110407733634,2010
"818","FMA.y.WS",NA,2011
"819","FMA.y.WS",NA,2012
"820","MJJ.y.WS",0.0296753135805619,1950
"821","MJJ.y.WS",0.0161105575730121,1951
"822","MJJ.y.WS",0.0201923765969157,1952
"823","MJJ.y.WS",0.0171666053258411,1953
"824","MJJ.y.WS",0.0135780503869851,1954
"825","MJJ.y.WS",0.0256635607981218,1955
"826","MJJ.y.WS",0.0255390251438965,1956
"827","MJJ.y.WS",0.00899206862110683,1957
"828","MJJ.y.WS",0.0106003685571152,1958
"829","MJJ.y.WS",0.0168580442422421,1959
"830","MJJ.y.WS",0.0207301069544883,1960
"831","MJJ.y.WS",0.024422689317766,1961
"832","MJJ.y.WS",0.00857216366612361,1962
"833","MJJ.y.WS",0.0204026172690377,1963
"834","MJJ.y.WS",0.0147074225552994,1964
"835","MJJ.y.WS",0.0276374465049516,1965
"836","MJJ.y.WS",0.0194122405679183,1966
"837","MJJ.y.WS",0.00653910360375044,1967
"838","MJJ.y.WS",0.0154975209028365,1968
"839","MJJ.y.WS",0.0186693614397747,1969
"840","MJJ.y.WS",0.0382616138904942,1970
"841","MJJ.y.WS",0.0284998510610085,1971
"842","MJJ.y.WS",0.00978217198922738,1972
"843","MJJ.y.WS",0.034377461652622,1973
"844","MJJ.y.WS",0.0237227904688687,1974
"845","MJJ.y.WS",0.0333318178481595,1975
"846","MJJ.y.WS",0.0339381053341909,1976
"847","MJJ.y.WS",0.0169798392685236,1977
"848","MJJ.y.WS",0.0192639149787215,1978
"849","MJJ.y.WS",0.0211915030362164,1979
"850","MJJ.y.WS",0.0168679040680723,1980
"851","MJJ.y.WS",0.0126837509338589,1981
"852","MJJ.y.WS",0.0199109960471173,1982
"853","MJJ.y.WS",0.0140073173940344,1983
"854","MJJ.y.WS",0.0216328215771042,1984
"855","MJJ.y.WS",0.023111297369252,1985
"856","MJJ.y.WS",0.0166262738182384,1986
"857","MJJ.y.WS",0.0479571690682658,1987
"858","MJJ.y.WS",0.027500335371803,1988
"859","MJJ.y.WS",0.0106484858538294,1989
"860","MJJ.y.WS",0.00548727693564986,1990
"861","MJJ.y.WS",0.0270475425306897,1991
"862","MJJ.y.WS",0.0184304019925195,1992
"863","MJJ.y.WS",0.00460964804597939,1993
"864","MJJ.y.WS",0.0288629552792877,1994
"865","MJJ.y.WS",0.0170322082423506,1995
"866","MJJ.y.WS",0.00730644339599891,1996
"867","MJJ.y.WS",0.00662662757979517,1997
"868","MJJ.y.WS",0.0129572512674646,1998
"869","MJJ.y.WS",0.0192669915567152,1999
"870","MJJ.y.WS",0.0133146264287529,2000
"871","MJJ.y.WS",0.0365246078318975,2001
"872","MJJ.y.WS",0.0120069852501156,2002
"873","MJJ.y.WS",0.020674505965602,2003
"874","MJJ.y.WS",0.00219677777037456,2004
"875","MJJ.y.WS",0.00771197998309327,2005
"876","MJJ.y.WS",0.0328873346241852,2006
"877","MJJ.y.WS",0.0329617433201713,2007
"878","MJJ.y.WS",0.0380644453732573,2008
"879","MJJ.y.WS",0.00401715483181525,2009
"880","MJJ.y.WS",0.0239026917265114,2010
"881","MJJ.y.WS",NA,2011
"882","MJJ.y.WS",NA,2012
"883","MJJ.UW",-7.11111111111111,1950
"884","MJJ.UW",3.77777777777778,1951
"885","MJJ.UW",0.888888888888889,1952
"886","MJJ.UW",0.222222222222222,1953
"887","MJJ.UW",-3.88888888888889,1954
"888","MJJ.UW",0.222222222222222,1955
"889","MJJ.UW",0.333333333333333,1956
"890","MJJ.UW",-2.66666666666667,1957
"891","MJJ.UW",6.11111111111111,1958
"892","MJJ.UW",0.222222222222222,1959
"893","MJJ.UW",-3,1960
"894","MJJ.UW",-4.88888888888889,1961
"895","MJJ.UW",1.77777777777778,1962
"896","MJJ.UW",9.11111111111111,1963
"897","MJJ.UW",1.11111111111111,1964
"898","MJJ.UW",4.22222222222222,1965
"899","MJJ.UW",11.2222222222222,1966
"900","MJJ.UW",8,1967
"901","MJJ.UW",-0.666666666666667,1968
"902","MJJ.UW",2.33333333333333,1969
"903","MJJ.UW",-1.77777777777778,1970
"904","MJJ.UW",1.11111111111111,1971
"905","MJJ.UW",3.11111111111111,1972
"906","MJJ.UW",-5.22222222222222,1973
"907","MJJ.UW",4.55555555555556,1974
"908","MJJ.UW",-1,1975
"909","MJJ.UW",-2.77777777777778,1976
"910","MJJ.UW",1.44444444444444,1977
"911","MJJ.UW",8.66666666666667,1978
"912","MJJ.UW",-3.55555555555556,1979
"913","MJJ.UW",4,1980
"914","MJJ.UW",1.33333333333333,1981
"915","MJJ.UW",0.444444444444444,1982
"916","MJJ.UW",-3.44444444444444,1983
"917","MJJ.UW",-3.44444444444444,1984
"918","MJJ.UW",-0.555555555555555,1985
"919","MJJ.UW",-1.66666666666667,1986
"920","MJJ.UW",-13.2222222222222,1987
"921","MJJ.UW",-7.33333333333333,1988
"922","MJJ.UW",1.88888888888889,1989
"923","MJJ.UW",3.55555555555556,1990
"924","MJJ.UW",1.22222222222222,1991
"925","MJJ.UW",1.88888888888889,1992
"926","MJJ.UW",3.66666666666667,1993
"927","MJJ.UW",-3.66666666666667,1994
"928","MJJ.UW",1.11111111111111,1995
"929","MJJ.UW",2.22222222222222,1996
"930","MJJ.UW",0.777777777777778,1997
"931","MJJ.UW",10.8888888888889,1998
"932","MJJ.UW",-5,1999
"933","MJJ.UW",-1.33333333333333,2000
"934","MJJ.UW",-7.22222222222222,2001
"935","MJJ.UW",-2.77777777777778,2002
"936","MJJ.UW",-1.33333333333333,2003
"937","MJJ.UW",2.66666666666667,2004
"938","MJJ.UW",-2.33333333333333,2005
"939","MJJ.UW",1.33333333333333,2006
"940","MJJ.UW",-3.66666666666667,2007
"941","MJJ.UW",-1.55555555555556,2008
"942","MJJ.UW",4,2009
"943","MJJ.UW",-1.33333333333333,2010
"944","MJJ.UW",1.44444444444444,2011
"945","MJJ.UW",-7.88888888888889,2012
"946","FMA.SST",4.41237511511717,1950
"947","FMA.SST",4.09406930717985,1951
"948","FMA.SST",3.96695228164097,1952
"949","FMA.SST",4.77455051743457,1953
"950","FMA.SST",4.57138058631618,1954
"951","FMA.SST",5.04397868129199,1955
"952","FMA.SST",4.60606358800832,1956
"953","FMA.SST",4.77895558041236,1957
"954","FMA.SST",5.82520522079467,1958
"955","FMA.SST",5.26898115787755,1959
"956","FMA.SST",4.94020601048691,1960
"957","FMA.SST",5.25704201542787,1961
"958","FMA.SST",4.98196197062043,1962
"959","FMA.SST",5.44418507063873,1963
"960","FMA.SST",5.23007729099455,1964
"961","FMA.SST",4.20646953846363,1965
"962","FMA.SST",4.6423244697803,1966
"963","FMA.SST",4.52771850446488,1967
"964","FMA.SST",4.67341408034002,1968
"965","FMA.SST",3.93918007471035,1969
"966","FMA.SST",5.3324278816435,1970
"967","FMA.SST",3.97980325052979,1971
"968","FMA.SST",3.52014188255472,1972
"969","FMA.SST",4.28895259375763,1973
"970","FMA.SST",4.20504604949796,1974
"971","FMA.SST",4.3325665474488,1975
"972","FMA.SST",4.31161695766216,1976
"973","FMA.SST",5.43545268416832,1977
"974","FMA.SST",4.88351937753937,1978
"975","FMA.SST",5.02803432513049,1979
"976","FMA.SST",4.87176557452826,1980
"977","FMA.SST",5.47938449700757,1981
"978","FMA.SST",4.47024200139882,1982
"979","FMA.SST",5.49635872417773,1983
"980","FMA.SST",5.57885589869715,1984
"981","FMA.SST",5.08944593540216,1985
"982","FMA.SST",5.03150866028023,1986
"983","FMA.SST",5.62290877667106,1987
"984","FMA.SST",5.29767256253053,1988
"985","FMA.SST",4.51475507394753,1989
"986","FMA.SST",4.57424636695566,1990
"987","FMA.SST",4.63335443173544,1991
"988","FMA.SST",4.95902774391875,1992
"989","FMA.SST",4.82775048109116,1993
"990","FMA.SST",5.2871032197251,1994
"991","FMA.SST",4.51735507323933,1995
"992","FMA.SST",4.87190555024162,1996
"993","FMA.SST",4.81130235875156,1997
"994","FMA.SST",5.88607190588555,1998
"995","FMA.SST",4.84814186009772,1999
"996","FMA.SST",4.6525703507822,2000
"997","FMA.SST",5.19033499621903,2001
"998","FMA.SST",4.54228866797575,2002
"999","FMA.SST",5.9197148418163,2003
"1000","FMA.SST",5.12907151760102,2004
"1001","FMA.SST",5.48251297645092,2005
"1002","FMA.SST",4.92434715241594,2006
"1003","FMA.SST",4.25785071758974,2007
"1004","FMA.SST",4.300957522595,2008
"1005","FMA.SST",4.02175230695377,2009
"1006","FMA.SST",5.19948108399074,2010
"1007","FMA.SST",4.86874405723036,2011
"1008","FMA.SST",4.11619122511194,2012
"1009","MJJ.SST",7.87921842902141,1950
"1010","MJJ.SST",8.6994758254166,1951
"1011","MJJ.SST",8.52661392929106,1952
"1012","MJJ.SST",9.22438240526283,1953
"1013","MJJ.SST",8.95934508166282,1954
"1014","MJJ.SST",8.39019433710326,1955
"1015","MJJ.SST",9.0418317148219,1956
"1016","MJJ.SST",9.84430804014087,1957
"1017","MJJ.SST",9.97846590283452,1958
"1018","MJJ.SST",9.48802329868459,1959
"1019","MJJ.SST",9.08408471353446,1960
"1020","MJJ.SST",9.58621292933849,1961
"1021","MJJ.SST",9.12894379967898,1962
"1022","MJJ.SST",9.31887177094638,1963
"1023","MJJ.SST",8.47264193503579,1964
"1024","MJJ.SST",7.64832780813361,1965
"1025","MJJ.SST",8.38102455890276,1966
"1026","MJJ.SST",9.29306838688658,1967
"1027","MJJ.SST",9.59882595957603,1968
"1028","MJJ.SST",8.53336258965679,1969
"1029","MJJ.SST",8.55496932572376,1970
"1030","MJJ.SST",7.31571077862352,1971
"1031","MJJ.SST",7.78761742847539,1972
"1032","MJJ.SST",8.2662534295105,1973
"1033","MJJ.SST",8.75234135112292,1974
"1034","MJJ.SST",7.68503967472124,1975
"1035","MJJ.SST",8.17437755701178,1976
"1036","MJJ.SST",9.61379470551752,1977
"1037","MJJ.SST",8.70315919549249,1978
"1038","MJJ.SST",9.29907172482162,1979
"1039","MJJ.SST",8.86713891681003,1980
"1040","MJJ.SST",10.2167414729827,1981
"1041","MJJ.SST",7.94262636040557,1982
"1042","MJJ.SST",10.0034821217083,1983
"1043","MJJ.SST",9.93032540692903,1984
"1044","MJJ.SST",8.16915721171882,1985
"1045","MJJ.SST",8.45173561905375,1986
"1046","MJJ.SST",8.76392713206992,1987
"1047","MJJ.SST",9.08853302942235,1988
"1048","MJJ.SST",9.17458002747865,1989
"1049","MJJ.SST",9.51242466312253,1990
"1050","MJJ.SST",8.79421775655107,1991
"1051","MJJ.SST",9.11127557832434,1992
"1052","MJJ.SST",9.97084921497057,1993
"1053","MJJ.SST",9.42758362882041,1994
"1054","MJJ.SST",9.19420732664902,1995
"1055","MJJ.SST",9.38284127965582,1996
"1056","MJJ.SST",10.2779648928499,1997
"1057","MJJ.SST",9.48934872058009,1998
"1058","MJJ.SST",8.16546160504822,1999
"1059","MJJ.SST",9.28977910322207,2000
"1060","MJJ.SST",9.09690259247562,2001
"1061","MJJ.SST",9.21228176467666,2002
"1062","MJJ.SST",9.92953401472757,2003
"1063","MJJ.SST",10.2677728351774,2004
"1064","MJJ.SST",10.8833692276982,2005
"1065","MJJ.SST",9.28227505075195,2006
"1066","MJJ.SST",8.83843595623604,2007
"1067","MJJ.SST",8.2885344568185,2008
"1068","MJJ.SST",8.99763670034778,2009
"1069","MJJ.SST",8.89964040728845,2010
"1070","MJJ.SST",9.24362162053696,2011
"1071","MJJ.SST",8.20916807915391,2012
"1072","Papa",47.777,1950
"1073","Papa",53.313,1951
"1074","Papa",49.818,1952
"1075","Papa",58.541,1953
"1076","Papa",55.92,1954
"1077","Papa",50.403,1955
"1078","Papa",49.452,1956
"1079","Papa",50.996,1957
"1080","Papa",55.635,1958
"1081","Papa",55.613,1959
"1082","Papa",56.912,1960
"1083","Papa",59.619,1961
"1084","Papa",52.124,1962
"1085","Papa",58.318,1963
"1086","Papa",58.22,1964
"1087","Papa",50.386,1965
"1088","Papa",50.677,1966
"1089","Papa",52.128,1967
"1090","Papa",54.059,1968
"1091","Papa",47.16,1969
"1092","Papa",59.623,1970
"1093","Papa",50.858,1971
"1094","Papa",48.873,1972
"1095","Papa",53.182,1973
"1096","Papa",54.093,1974
"1097","Papa",51.892,1975
"1098","Papa",56.161,1976
"1099","Papa",59.962,1977
"1100","Papa",55.095,1978
"1101","Papa",55.719,1979
"1102","Papa",55.2,1980
"1103","Papa",58.828,1981
"1104","Papa",50.642,1982
"1105","Papa",59.985,1983
"1106","Papa",57.881,1984
"1107","Papa",51.845,1985
"1108","Papa",58.294,1986
"1109","Papa",60.031,1987
"1110","Papa",53.998,1988
"1111","Papa",50.999,1989
"1112","Papa",59.24,1990
"1113","Papa",57.231,1991
"1114","Papa",59.71,1992
"1115","Papa",48.728,1993
"1116","Papa",59.718,1994
"1117","Papa",54.764,1995
"1118","Papa",53.916,1996
"1119","Papa",57.198,1997
"1120","Papa",59.582,1998
"1121","Papa",54.274,1999
"1122","Papa",55.366,2000
"1123","Papa",57.03,2001
"1124","Papa",51.239,2002
"1125","Papa",55.748,2003
"1126","Papa",54.614,2004
"1127","Papa",53.29,2005
"1128","Papa",55.42,2006
"1129","Papa",56.745,2007
"1130","Papa",51.95,2008
"1131","Papa",51.94,2009
"1132","Papa",54.747,2010
"1133","Papa",49.459,2011
"1134","Papa",58.846,2012
"1135","FMA.SSH",0.137236630770131,1950
"1136","FMA.SSH",0.0821604536514695,1951
"1137","FMA.SSH",0.131037637947175,1952
"1138","FMA.SSH",0.148018087535842,1953
"1139","FMA.SSH",0.112827352015103,1954
"1140","FMA.SSH",0.0762780685860337,1955
"1141","FMA.SSH",0.0826432409107239,1956
"1142","FMA.SSH",0.0715316394101689,1957
"1143","FMA.SSH",0.225187255187422,1958
"1144","FMA.SSH",0.124326731665776,1959
"1145","FMA.SSH",0.15388966324365,1960
"1146","FMA.SSH",0.166377430199844,1961
"1147","FMA.SSH",0.0801048413356846,1962
"1148","FMA.SSH",0.103247462354529,1963
"1149","FMA.SSH",0.0910292534456632,1964
"1150","FMA.SSH",0.0967458525258634,1965
"1151","FMA.SSH",0.133708582417323,1966
"1152","FMA.SSH",0.0726155310637381,1967
"1153","FMA.SSH",0.171335465683896,1968
"1154","FMA.SSH",0.162444875319289,1969
"1155","FMA.SSH",0.196042394815968,1970
"1156","FMA.SSH",0.128964780369758,1971
"1157","FMA.SSH",0.0998177444076755,1972
"1158","FMA.SSH",0.139334612186903,1973
"1159","FMA.SSH",0.137100367057018,1974
"1160","FMA.SSH",0.134362008367689,1975
"1161","FMA.SSH",0.110282650354326,1976
"1162","FMA.SSH",0.165076682697504,1977
"1163","FMA.SSH",0.204058386920354,1978
"1164","FMA.SSH",0.118431238987698,1979
"1165","FMA.SSH",0.204268884888062,1980
"1166","FMA.SSH",0.18504573337288,1981
"1167","FMA.SSH",0.133932504159773,1982
"1168","FMA.SSH",0.281439199661597,1983
"1169","FMA.SSH",0.204817782138657,1984
"1170","FMA.SSH",0.109331985840845,1985
"1171","FMA.SSH",0.184318520052311,1986
"1172","FMA.SSH",0.224814317165277,1987
"1173","FMA.SSH",0.169572534845171,1988
"1174","FMA.SSH",0.0908264974099843,1989
"1175","FMA.SSH",0.116910409901896,1990
"1176","FMA.SSH",0.117714814495486,1991
"1177","FMA.SSH",0.226636521989464,1992
"1178","FMA.SSH",0.225959573393194,1993
"1179","FMA.SSH",0.153038569406057,1994
"1180","FMA.SSH",0.192456102944337,1995
"1181","FMA.SSH",0.132165524344414,1996
"1182","FMA.SSH",0.168089813337876,1997
"1183","FMA.SSH",0.269399941002584,1998
"1184","FMA.SSH",0.140606059379175,1999
"1185","FMA.SSH",0.156736280431605,2000
"1186","FMA.SSH",0.104872681479901,2001
"1187","FMA.SSH",0.0911290954539759,2002
"1188","FMA.SSH",0.168336357647537,2003
"1189","FMA.SSH",0.178698251351842,2004
"1190","FMA.SSH",0.168653255764745,2005
"1191","FMA.SSH",0.140424309651821,2006
"1192","FMA.SSH",0.125446954748442,2007
"1193","FMA.SSH",0.098431416569998,2008
"1194","FMA.SSH",0.0579293028382847,2009
"1195","FMA.SSH",0.238156808110384,2010
"1196","FMA.SSH",NA,2011
"1197","FMA.SSH",NA,2012
"1198","MJJ.SSH",0.0344118271634153,1950
"1199","MJJ.SSH",0.0303639258091755,1951
"1200","MJJ.SSH",0.0503270948969393,1952
"1201","MJJ.SSH",0.0632409538548344,1953
"1202","MJJ.SSH",0.0440304738239576,1954
"1203","MJJ.SSH",0.0229560501180474,1955
"1204","MJJ.SSH",0.0337846858313001,1956
"1205","MJJ.SSH",0.049948851345107,1957
"1206","MJJ.SSH",0.0562992852550093,1958
"1207","MJJ.SSH",0.0390740504035871,1959
"1208","MJJ.SSH",0.0725607962084886,1960
"1209","MJJ.SSH",0.063375730795591,1961
"1210","MJJ.SSH",0.022772917254807,1962
"1211","MJJ.SSH",0.0500799090447652,1963
"1212","MJJ.SSH",0.0098958178441877,1964
"1213","MJJ.SSH",0.0431065058807107,1965
"1214","MJJ.SSH",0.037909633566416,1966
"1215","MJJ.SSH",0.0288285650377078,1967
"1216","MJJ.SSH",0.0562933482946112,1968
"1217","MJJ.SSH",0.08853873494917,1969
"1218","MJJ.SSH",0.0832409777320348,1970
"1219","MJJ.SSH",0.0526612965067705,1971
"1220","MJJ.SSH",0.0375400421015452,1972
"1221","MJJ.SSH",0.0778087144033012,1973
"1222","MJJ.SSH",0.0759182847319887,1974
"1223","MJJ.SSH",0.047139350340022,1975
"1224","MJJ.SSH",0.0872561398145353,1976
"1225","MJJ.SSH",0.0803418778074093,1977
"1226","MJJ.SSH",0.05375133065669,1978
"1227","MJJ.SSH",0.0629071091023138,1979
"1228","MJJ.SSH",0.103276295614485,1980
"1229","MJJ.SSH",0.0959168930179798,1981
"1230","MJJ.SSH",0.0819314828126604,1982
"1231","MJJ.SSH",0.1380813827372,1983
"1232","MJJ.SSH",0.0978519366465063,1984
"1233","MJJ.SSH",0.0743344724829046,1985
"1234","MJJ.SSH",0.0749652945938019,1986
"1235","MJJ.SSH",0.133437303663828,1987
"1236","MJJ.SSH",0.0962830215819881,1988
"1237","MJJ.SSH",0.0420267289817493,1989
"1238","MJJ.SSH",0.0550428848331555,1990
"1239","MJJ.SSH",0.0485815148970259,1991
"1240","MJJ.SSH",0.103676739296852,1992
"1241","MJJ.SSH",0.117058913498862,1993
"1242","MJJ.SSH",0.0988390528939219,1994
"1243","MJJ.SSH",0.0633261343834396,1995
"1244","MJJ.SSH",0.0514471206917904,1996
"1245","MJJ.SSH",0.111717145718061,1997
"1246","MJJ.SSH",0.0886964943466915,1998
"1247","MJJ.SSH",0.0264123339189563,1999
"1248","MJJ.SSH",0.0770666389805703,2000
"1249","MJJ.SSH",0.0702442435929791,2001
"1250","MJJ.SSH",0.0336620443634987,2002
"1251","MJJ.SSH",0.0985641772102596,2003
"1252","MJJ.SSH",0.0814291706515683,2004
"1253","MJJ.SSH",0.0976025748392965,2005
"1254","MJJ.SSH",0.105638336084592,2006
"1255","MJJ.SSH",0.0699532330792365,2007
"1256","MJJ.SSH",0.032305901274983,2008
"1257","MJJ.SSH",0.0389557970118916,2009
"1258","MJJ.SSH",0.088997169437671,2010
"1259","MJJ.SSH",NA,2011
"1260","MJJ.SSH",NA,2012
